Eckersley (s),Rulebased (s),Randomforest (s),LSTM (s),bidiLSTM (s),LSTM-6 (s),bidiLSTM-6 (s)
140.3824151,217.598814,2324.660965,324.1429021,329.0948253,445.0788348,480.8613091